ID,Value
1,Data item 1: Sample content for testing generators
2,Data item 2: Sample content for testing generators
3,Data item 3: Sample content for testing generators
4,Data item 4: Sample content for testing generators
5,Data item 5: Sample content for testing generators
6,Data item 6: Sample content for testing generators
7,Data item 7: Sample content for testing generators
8,Data item 8: Sample content for testing generators
9,Data item 9: Sample content for testing generators
10,Data item 10: Sample content for testing generators
